[
  {"path":"rage>weapon>general>weapon>mindamage","name":"Mindamage"},
  {"path":"legit>weapon>general>trigger>mindamage","name":"L - Mindamage"},
  {"path":"misc>movement>peek assist","name":"Peek assist"},
  {"path":"rage>aimbot>general>doubletap","name":"Doubletap"},
  {"path":"misc>movement>jumpbug","name":"Jumpbug"},
  {"path":"misc>aimbot>general>duck peek assist","name":"Duck peek assist"},
  {"path":"rage>aimbot>general>aimbot","name":"Aimbot"},
  {"path":"rage>aimbot>general>silent","name":"Silent"},
  {"path":"rage>aimbot>general>maximum fov","name":"Maximum fov"},
  {"path":"rage>aimbot>general>autofire","name":"Autofire"},
  {"path":"rage>aimbot>general>delay shot","name":"Delay shot"},
  {"path":"rage>aimbot>general>force bodyaim","name":"Force bodyaim"},
  {"path":"rage>aimbot>general>force shoot","name":"Force shoot"},
  {"path":"rage>aimbot>general>headshot only","name":"Headshot only"},
  {"path":"rage>aimbot>general>knife bot","name":"Knife bot"},
  {"path":"rage>aimbot>general>zeus bot","name":"Zeus bot"},
  {"path":"rage>aimbot>general>doubletap>settings>on manual shot","name":"Doubletap settings"},
  {"path":"rage>aimbot>general>nospread","name":"No spread"},
  {"path":"rage>aimbot>general>nospread>settings>force","name":"Force No Spread"},
  {"path":"rage>anti-aim>angles>override left","name":"Override left"},
  {"path":"rage>anti-aim>angles>override right","name":"Override right"},
  {"path":"rage>anti-aim>angles>override back","name":"Override back"},
  {"path":"rage>anti-aim>angles>override forward","name":"Override forward"},
  {"path":"misc>movement>edge jump","name":"Edge jump"},
  {"path":"misc>misc>grenades>straight throw","name":"Straight throw"},
  {"path":"misc>movement>slowwalk","name":"Slowwalk"}
]